frame_id, total_time_elapsed, dt, x, y, z, yaw, qx, qy, qz, qw, vx, vy, speed, omega
map, 10.99799646, 0.050000001, 0.879889726638794, -1.6753100156784058, 3.3826000690460205, -1.5379618142411462, -6.39460448201316e-05, 0.00038237275655417235, -0.6954031557435882, 0.7186197191031131, -0.0021900469320479815, -0.0015088589978145002, 3.4299993515014653, -0.0
map, 11.997996475, 0.050000001, 0.6369127631187439, -2.9251253604888916, -0.0043062204495072365, -1.6827048858030618, -0.0017657605533071565, -0.00010316735843818314, -0.7455449931952722, 0.6664529500029438, 4.354118298522168, -0.6180772728914286, 4.397784216107639, -0.3966503805185611
map, 12.99799649, 0.050000001, -1.118788242340088, -9.886393547058105, 0.0009583284263499081, -1.7792918795858372, 8.515251932099084e-06, -0.0007217620402798497, -0.7768484870590825, 0.6296871502111686, 8.733201041725327, 0.2376991442058074, 8.736443967091597, 0.19432925020167116
map, 13.997996505, 0.050000001, -1.925676941871643, -18.32301902770996, 0.0018608092796057463, -1.608232115922031, 0.00021183780553122176, -0.00018735787492807354, -0.7202176669258341, 0.6937481043359174, 8.331510143109686, 0.07822533012153475, 8.331878690931346, 0.03273162715070011
map, 14.997996520000001, 0.050000001, -2.0280842781066895, -26.648048400878906, 0.0018427276518195868, -1.574832081110803, 2.294317114042777e-05, -2.6076666387542247e-05, -0.7085321947521607, 0.7056784875517352, 8.329102919599869, 0.010558232783061613, 8.329109631549224, -0.03840138475937032
map, 15.997996535, 0.050000001, -2.0391812324523926, -34.977962493896484, 0.0018430709606036544, -1.5716247030519657, 7.558559956259008e-07, -2.864698076532335e-06, -0.7073995957540237, 0.706813845307423, 8.330065225828648, 0.0029041045353865383, 8.330065732171825, -0.046590588466607165
map, 16.99799655, 0.050000001, -2.0427699089050293, -43.308040618896484, 0.0018430709606036544, -1.5714203054383022, -1.0539998779634924e-06, -1.0533423294711852e-06, -0.707327356533272, 0.7068861370103626, 8.33000105527625, 0.002313772137034362, 8.330001376617304, -0.04722091292354769
map, 17.997996564, 0.05, -2.0459725856781006, -51.638118743896484, 0.0018431853968650103, -1.5714151122741762, -1.242252723670143e-06, -8.649729594800704e-07, -0.7073255210432792, 0.7068879736412007, 8.33000200842383, 0.002290598808530091, 8.330002323361974, -0.047249046723750854
map, 18.997996579, 0.05, -2.049177885055542, -59.968196868896484, 0.0018431091448292136, -1.5714164438547216, -1.24225329956045e-06, -8.649721322528947e-07, -0.7073259916822587, 0.7068875027105922, 8.330002008898381, 0.0022959972302612256, 8.330002325321534, -0.04724673726374305
map, 19.997996594, 0.05, -2.052386522293091, -68.29827117919922, 0.0018432235810905695, -1.5714164438547216, -1.24225329956045e-06, -8.649721322528947e-07, -0.7073259916822587, 0.7068875027105922, 8.330002011203538, 0.0022922791611273796, 8.330002326603063, -0.047249292233913845
map, 20.997996609, 0.050000001, -2.0555953979492188, -76.62834930419922, 0.0018431091448292136, -1.5714156449063945, -1.2422529876890577e-06, -8.649725946607845e-07, -0.7073257092989085, 0.7068877852689947, 8.330003918769993, 0.002288226050439874, 8.33000423305489, -0.04724941290840074
map, 21.997996624, 0.050000001, -2.058363199234009, -84.95842742919922, 0.0018430709606036544, -1.571209516238022, 1.7099281798779304e-07, -2.278841295888512e-06, -0.7072528506202648, 0.7069606815688463, 8.330007938192406, 0.003096886631738179, 8.330008513918704, -0.046463934350827886
map, 22.997996639, 0.050000001, -2.056661367416382, -93.28850555419922, 0.0018430709606036544, -1.5706389339744726, -5.676968940940736e-07, -1.539568939556979e-06, -0.7070511322300129, 0.7071624257619776, 8.330003289279095, 0.0025501946511595295, 8.330003679654512, -0.046978298948241466
map, 23.997996654, 0.050000001, -2.052680253982544, -101.61858367919922, 0.001843147212639451, -1.5705222875187277, -1.0535267713879866e-06, -1.0538155189587783e-06, -0.7070098870330744, 0.7072036620629585, 8.33000564137522, 0.002322718833862958, 8.330005965205965, -0.047215607407313544
map, 24.997996669, 0.050000001, -2.0483641624450684, -109.94866180419922, 0.001843147212639451, -1.5705096375035492, -1.2418610244525176e-06, -8.65535251470817e-07, -0.7070054139506584, 0.7072081338914079, 8.330001878028122, 0.002296296240042264, 8.33000219453371, -0.047243308443839574
map, 25.997996684, 0.050000001, -2.0440142154693604, -118.27873992919922, 0.0018430709606036544, -1.5705085722391134, -1.2418605634403808e-06, -8.655359126086282e-07, -0.7070050372687209, 0.7072085104651691, 8.330001881110185, 0.002289651243924156, 8.330002195787156, -0.047250981676730364
map, 26.997996699, 0.050000001, -2.0396623611450195, -126.60881805419922, 0.0018430709606036544, -1.5705081727649501, -1.2418603568827334e-06, -8.655361941611872e-07, -0.7070048960129428, 0.7072086516802779, 8.330001882405027, 0.002287644237012502, 8.33000219653031, -0.04725178894743579
map, 27.997996713, 0.05, -2.0353121757507324, -134.9388885498047, 0.0018430709606036544, -1.5705081727649501, -1.2418603568827334e-06, -8.655361941611872e-07, -0.7070048960129428, 0.7072086516802779, 8.330003790663396, 0.0022908008704580975, 8.330004105656057, -0.04724874295693902
map, 28.997996728, 0.05, -2.030961275100708, -143.2689666748047, 0.0018431853968650103, -1.5705085722391134, -1.2418605634403808e-06, -8.655359126086282e-07, -0.7070050372687209, 0.7072085104651691, 8.330001881374946, 0.0022905732563329737, 8.330002196305976, -0.04724966674094214
map, 29.997996743, 0.05, -2.0266096591949463, -151.5990447998047, 0.0018430709606036544, -1.5705081727649501, -1.2418603568827334e-06, -8.655361941611872e-07, -0.7070048960129428, 0.7072086516802779, 8.330004743591386, 0.0022882101210813066, 8.33000505787182, -0.0472510274498116
map, 30.997996758, 0.050000001, -2.022259473800659, -159.9291229248047, 0.0018430709606036544, -1.5705081727649501, -1.2418603568827334e-06, -8.655361941611872e-07, -0.7070048960129428, 0.7072086516802779, 8.330003790588526, 0.0022905405650418746, 8.330004105509504, -0.04724890524331794
map, 31.997996773, 0.050000001, -2.0179083347320557, -168.25921630859375, 0.0018431853968650103, -1.5705085722391134, -1.2418605634403808e-06, -8.655359126086282e-07, -0.7070050372687209, 0.7072085104651691, 8.330001881245506, 0.0022901248267772943, 8.330002196053739, -0.04725015776126812
map, 32.997996788, 0.050000001, -2.0135574340820312, -176.58929443359375, 0.0018430709606036544, -1.5705081727649501, -1.2418603568827334e-06, -8.655361941611872e-07, -0.7070048960129428, 0.7072086516802779, 8.330004743643947, 0.0022883921940970438, 8.330005057974331, -0.04725108986764965
map, 33.997996803, 0.050000001, -2.009206771850586, -184.91937255859375, 0.0018431091448292136, -1.5705081727649501, -1.2418603568827334e-06, -8.655361941611872e-07, -0.7070048960129428, 0.7072086516802779, 8.330001883103506, 0.002290068936400188, 8.330002197895206, -0.04724877624645264
map, 34.997996818, 0.050000001, -2.0048558712005615, -193.24945068359375, 0.0018430709606036544, -1.5705085722391134, -1.2418605634403808e-06, -8.655359126086282e-07, -0.7070050372687209, 0.7072085104651691, 8.330003788266598, 0.002288981071102783, 8.330004102758872, -0.04725140195683989
map, 35.997996833, 0.050000001, -2.000505208969116, -201.57952880859375, 0.0018430709606036544, -1.5705081727649501, -1.2418603568827334e-06, -8.655361941611872e-07, -0.7070048960129428, 0.7072086516802779, 8.330002836332099, 0.0022885203352357303, 8.330003150697799, -0.04725089429175709
map, 36.997996848, 0.050000001, -1.99615478515625, -209.90960693359375, 0.0018430709606036544, -1.5705081727649501, -1.2418603568827334e-06, -8.655361941611872e-07, -0.7070048960129428, 0.7072086516802779, 8.330004744238563, 0.0022904555388627776, 8.330005059136003, -0.047249096658021295
map, 37.997996862, 0.05, -1.9918034076690674, -218.23968505859375, 0.0018431853968650103, -1.5705085722391134, -1.2418605634403808e-06, -8.655359126086282e-07, -0.7070050372687209, 0.7072085104651691, 8.330002834856847, 0.0022899052249011186, 8.330003149604444, -0.04725012031056529
map, 38.997996877, 0.05, -1.9874531030654907, -226.56976318359375, 0.0018431091448292136, -1.5705081727649501, -1.2418603568827334e-06, -8.655361941611872e-07, -0.7070048960129428, 0.7072086516802779, 8.330002836345399, 0.0022885659691872966, 8.330003150723538, -0.047250694554675336
map, 39.997996892, 0.05, -1.9831072092056274, -234.89984130859375, 0.0018430709606036544, -1.5705130996129668, -1.4302030928289893e-06, -6.772458669423997e-07, -0.7070066381657742, 0.7072069100249411, 8.330002774175071, 0.002150278624819132, 8.330003051711468, -0.047371489716056446
map, 40.997996907, 0.050000001, -1.980897307395935, -243.22991943359375, 0.0018431091448292136, -1.5709625080469172, -1.9952499161329484e-06, -1.1193591542557613e-07, -0.7071655326906249, 0.7070480247977443, 8.329998762048803, 0.0019434949604983246, 8.329998988801933, -0.04761106186205509
map, 41.997996922, 0.050000001, -1.9813638925552368, -251.55999755859375, 0.001843147212639451, -1.5711356135177732, -1.4304138883654192e-06, -6.768006066693033e-07, -0.707226726982037, 0.7069868150395531, 8.330003459473998, 0.002235224090120861, 8.330003759371142, -0.047307877616706386
map, 42.997996937, 0.050000001, -1.9823834896087646, -259.89007568359375, 0.0018430709606036544, -1.5711594488095288, -1.242142176195873e-06, -8.65131718152945e-07, -0.7072351525501097, 0.7069783865120148, 8.330001548736506, 0.00228987751754674, 8.330001863475117, -0.0472532037517649
map, 43.997996952, 0.050000001, -1.9834645986557007, -268.22015380859375, 0.0018431091448292136, -1.5711609135481281, -1.2421428546808044e-06, -8.651307636942107e-07, -0.707235670319186, 0.706977868554512, 8.330002504151919, 0.0022880770598298506, 8.330002818396377, -0.047251302088299016
map, 44.997996967, 0.050000001, -1.9845510721206665, -276.55023193359375, 0.0018430327763780951, -1.5711609135481281, -1.2421428546808044e-06, -8.651307636942107e-07, -0.707235670319186, 0.706977868554512, 8.33000345783993, 0.0022880409087965327, 8.330003772074036, -0.04725151847013758
map, 45.997996982, 0.050000001, -1.9856382608413696, -284.88031005859375, 0.0018430327763780951, -1.5711609135481281, -1.2421428546808044e-06, -8.651307636942107e-07, -0.707235670319186, 0.706977868554512, 8.330003457124015, 0.0022900030337771942, 8.330003771897777, -0.04724877208526344
map, 46.997996997, 0.050000001, -1.9867260456085205, -293.21038818359375, 0.0018432235810905695, -1.5711617124964554, -1.2421431217217565e-06, -8.651303458062642e-07, -0.707235952738522, 0.7069775860320775, 8.330000595955687, 0.002292042408504814, 8.330000911290018, -0.04724976244829381
map, 47.997997011, 0.05, -1.9878134727478027, -301.54046630859375, 0.0018431091448292136, -1.5711614461803463, -1.2421430401896778e-06, -8.651304777007596e-07, -0.7072358585987559, 0.706977680206235, 8.330002503752619, 0.00229026782583623, 8.330002818598695, -0.04725105241694682
map, 48.997997026, 0.05, -1.9889013767242432, -309.87054443359375, 0.0018432235810905695, -1.5711609135481281, -1.2421428546808044e-06, -8.651307636942107e-07, -0.707235670319186, 0.706977868554512, 8.330003456567049, 0.0022915281378286735, 8.330003771761328, -0.04724578435141551
map, 49.997997041, 0.05, -1.6892797946929932, -318.18353271484375, 0.0014883422991260886, -1.4592791193089187, 0.0006129361526487634, -0.000350544222178617, -0.6666009104122083, 0.7454144670353781, 8.320686404913202, 0.29785962347607103, 8.326020088536318, 0.2465302702024778
map, 50.997997056, 0.050000001, 1.4223904609680176, -325.76800537109375, -0.0006336592487059534, -0.9356664952729511, 0.001425375036941324, -0.0006825635390393936, -0.45095290026256574, 0.892546348464773, 8.294658219798414, 0.6860467209700098, 8.323004573666326, 0.6369789308458146
map, 51.997997071, 0.050000001, 8.531342506408691, -329.76947021484375, 0.0005444718990474939, -0.25056474287210934, 0.0013751922104658953, -0.0005071537129793802, -0.12495429308950208, 0.9921614164439166, 8.348637871258122, 0.45180715418189266, 8.360865443004863, 0.4219767095900784
map, 52.997997086, 0.050000001, 16.825469970703125, -330.49127197265625, 0.0018510054796934128, -0.025419435679939973, 0.0002622052135694635, 1.2461459342194559e-07, -0.01270937613068681, 0.9999191982389274, 8.33030159287198, 0.06737223989136297, 8.33057402867109, 0.02185441381205683
map, 53.997997101, 0.050000001, 25.154865264892578, -330.54754638671875, 0.0018432235810905695, -0.0017755128539990103, 1.833420445607642e-05, -1.5063929366121442e-06, -0.0008877562829187281, 0.9999996057751072, 8.329960325951749, 0.006063556828835543, 8.329962532886134, -0.04313726331991222
map, 54.997997116, 0.050000001, 33.484920501708984, -330.5526428222656, 0.001843147212639451, -0.0007254018435810196, -5.404664485506646e-10, -1.4901159395286356e-06, -0.000362700913837771, 0.9999999342229111, 8.330008114141794, 0.0022478340136783716, 8.330008417462015, -0.04728171622018556
map, 55.997997131, 0.050000001, 41.814998626708984, -330.5565490722656, 0.0018431091448292136, -0.0007922353535601979, -5.332223422732227e-07, -1.4899049357586236e-06, -0.0003961176672142011, 0.9999999215441416, 8.330002689045427, 0.002216612191816331, 8.330002984004611, -0.04732234607156608
map, 56.997997146, 0.050000001, 50.145076751708984, -330.5604248046875, 0.001843147212639451, -0.0008697273595720341, -5.332801332287763e-07, -1.4898842740640461e-06, -0.00043486366687323726, 0.9999999054455386, 8.330002105253875, 0.0022105799855272786, 8.330002398609366, -0.047329998498510856
map, 57.997997161, 0.050000001, 58.47043991088867, -330.5647277832031, 0.0018698882777243853, -0.000931677909076967, -2.48434654915626e-07, 3.8385509521843275e-05, -0.00046583892712432614, 0.9999998907602865, 8.199242200639265, 0.0021662258934465957, 8.199242511009508, -0.05167462956659569
map, 58.997997175, 0.05, 62.03900909423828, -330.56695556640625, 0.0018946838099509478, 3.1425294767443e-05, 9.230029127427089e-09, 0.0003451108531609126, 1.5712641390591573e-05, 0.9999999403258041, -0.00016921620414326393, -7.627095035804486e-08, 0.0002100280434531077, -9.025226730570532e-08
map, 59.99799719, 0.05, 62.03922653198242, -330.56695556640625, 0.0017273330595344305, 3.142529883114249e-05, -5.338253453542019e-07, 7.593630609281643e-05, 1.5712689815745552e-05, 0.9999999969932521, 0.0, -0.0, 0.0, -0.0
map, 60.997997205, 0.050000001, 62.03922653198242, -330.56695556640625, 0.0017273330595344305, 3.142529883114249e-05, -5.338253453542019e-07, 7.593630609281643e-05, 1.5712689815745552e-05, 0.9999999969932521, 0.0, -0.0, 0.0, -0.0
map, 61.99799722, 0.050000001, 62.03922653198242, -330.56695556640625, 0.0017273330595344305, 3.142529883114249e-05, -5.338253453542019e-07, 7.593630609281643e-05, 1.5712689815745552e-05, 0.9999999969932521, 0.0, -0.0, 0.0, -0.0
map, 62.997997235, 0.050000001, 62.03922653198242, -330.56695556640625, 0.0017273330595344305, 3.142529883114249e-05, -5.338253453542019e-07, 7.593630609281643e-05, 1.5712689815745552e-05, 0.9999999969932521, 0.0, -0.0, 0.0, -0.0
map, 63.99799725, 0.050000001, 62.03922653198242, -330.56695556640625, 0.0017273330595344305, 3.142529883114249e-05, -5.338253453542019e-07, 7.593630609281643e-05, 1.5712689815745552e-05, 0.9999999969932521, 0.0, -0.0, 0.0, -0.0
map, 64.997997265, 0.050000001, 62.03922653198242, -330.56695556640625, 0.0017273330595344305, 3.142529883114249e-05, -5.338253453542019e-07, 7.593630609281643e-05, 1.5712689815745552e-05, 0.9999999969932521, 0.0, -0.0, 0.0, -0.0
map, 65.99799728, 0.050000001, 62.03922653198242, -330.56695556640625, 0.0017273330595344305, 3.142529883114249e-05, -5.338253453542019e-07, 7.593630609281643e-05, 1.5712689815745552e-05, 0.9999999969932521, 0.0, -0.0, 0.0, -0.0
map, 66.997997295, 0.050000001, 62.03922653198242, -330.56695556640625, 0.0017273330595344305, 3.142529883114249e-05, -5.338253453542019e-07, 7.593630609281643e-05, 1.5712689815745552e-05, 0.9999999969932521, 0.0, -0.0, 0.0, -0.0
map, 67.99799731, 0.050000001, 62.03922653198242, -330.56695556640625, 0.0017273330595344305, 3.142529883114249e-05, -5.338253453542019e-07, 7.593630609281643e-05, 1.5712689815745552e-05, 0.9999999969932521, 0.0, -0.0, 0.0, -0.0
map, 68.997997324, 0.05, 62.03922653198242, -330.56695556640625, 0.0017273330595344305, 3.142529883114249e-05, -5.338253453542019e-07, 7.593630609281643e-05, 1.5712689815745552e-05, 0.9999999969932521, 0.0, -0.0, 0.0, -0.0
map, 69.997997339, 0.05, 62.03922653198242, -330.56695556640625, 0.0017273330595344305, 3.142529883114249e-05, -5.338253453542019e-07, 7.593630609281643e-05, 1.5712689815745552e-05, 0.9999999969932521, 0.0, -0.0, 0.0, -0.0
map, 70.997997354, 0.050000001, 62.03922653198242, -330.56695556640625, 0.0017273330595344305, 3.142529883114249e-05, -5.338253453542019e-07, 7.593630609281643e-05, 1.5712689815745552e-05, 0.9999999969932521, 0.0, -0.0, 0.0, -0.0
map, 71.997997369, 0.050000001, 62.03922653198242, -330.56695556640625, 0.0017273330595344305, 3.142529883114249e-05, -5.338253453542019e-07, 7.593630609281643e-05, 1.5712689815745552e-05, 0.9999999969932521, 0.0, -0.0, 0.0, -0.0
map, 72.997997384, 0.050000001, 62.03922653198242, -330.56695556640625, 0.0017273330595344305, 3.142529883114249e-05, -5.338253453542019e-07, 7.593630609281643e-05, 1.5712689815745552e-05, 0.9999999969932521, 0.0, -0.0, 0.0, -0.0
map, 73.997997399, 0.050000001, 62.03922653198242, -330.56695556640625, 0.0017273330595344305, 3.142529883114249e-05, -5.338253453542019e-07, 7.593630609281643e-05, 1.5712689815745552e-05, 0.9999999969932521, 0.0, -0.0, 0.0, -0.0
map, 74.997997414, 0.050000001, 62.03922653198242, -330.56695556640625, 0.0017273330595344305, 3.142529883114249e-05, -5.338253453542019e-07, 7.593630609281643e-05, 1.5712689815745552e-05, 0.9999999969932521, 0.0, -0.0, 0.0, -0.0
map, 75.997997429, 0.050000001, 62.03922653198242, -330.56695556640625, 0.0017273330595344305, 3.142529883114249e-05, -5.338253453542019e-07, 7.593630609281643e-05, 1.5712689815745552e-05, 0.9999999969932521, 0.0, -0.0, 0.0, -0.0
map, 76.997997444, 0.050000001, 62.03922653198242, -330.56695556640625, 0.0017273330595344305, 3.142529883114249e-05, -5.338253453542019e-07, 7.593630609281643e-05, 1.5712689815745552e-05, 0.9999999969932521, 0.0, -0.0, 0.0, -0.0
map, 77.997997459, 0.050000001, 62.03922653198242, -330.56695556640625, 0.0017273330595344305, 3.142529883114249e-05, -5.338253453542019e-07, 7.593630609281643e-05, 1.5712689815745552e-05, 0.9999999969932521, 0.0, -0.0, 0.0, -0.0
map, 78.997997473, 0.05, 62.03922653198242, -330.56695556640625, 0.0017273330595344305, 3.142529883114249e-05, -5.338253453542019e-07, 7.593630609281643e-05, 1.5712689815745552e-05, 0.9999999969932521, 0.0, -0.0, 0.0, -0.0
map, 79.997997488, 0.05, 62.03922653198242, -330.56695556640625, 0.0017273330595344305, 3.142529883114249e-05, -5.338253453542019e-07, 7.593630609281643e-05, 1.5712689815745552e-05, 0.9999999969932521, 0.0, -0.0, 0.0, -0.0
map, 80.997997503, 0.050000001, 62.03922653198242, -330.56695556640625, 0.0017273330595344305, 3.142529883114249e-05, -5.338253453542019e-07, 7.593630609281643e-05, 1.5712689815745552e-05, 0.9999999969932521, 0.0, -0.0, 0.0, -0.0
map, 81.997997518, 0.050000001, 62.03922653198242, -330.56695556640625, 0.0017273330595344305, 3.142529883114249e-05, -5.338253453542019e-07, 7.593630609281643e-05, 1.5712689815745552e-05, 0.9999999969932521, 0.0, -0.0, 0.0, -0.0
map, 82.997997533, 0.050000001, 62.03922653198242, -330.56695556640625, 0.0017273330595344305, 3.142529883114249e-05, -5.338253453542019e-07, 7.593630609281643e-05, 1.5712689815745552e-05, 0.9999999969932521, 0.0, -0.0, 0.0, -0.0
map, 83.997997548, 0.050000001, 62.03922653198242, -330.56695556640625, 0.0017273330595344305, 3.142529883114249e-05, -5.338253453542019e-07, 7.593630609281643e-05, 1.5712689815745552e-05, 0.9999999969932521, 0.0, -0.0, 0.0, -0.0
map, 84.997997563, 0.050000001, 62.524051666259766, -330.56689453125, 0.0012260440271347761, -9.740646600521049e-05, -1.8954102578276657e-06, -0.0006405709248988867, -4.870441715169996e-05, 0.9999997936465673, 2.5253242644168616, -0.0005330850062075351, 2.5253266162781767, -0.011366146828241214
map, 85.997997578, 0.050000001, 68.32930755615234, -330.5700988769531, 0.0013986589619889855, -0.0006530751737420552, -1.5512605410753273e-06, -0.0006727570772462332, -0.0003265384030025323, 0.9999997203840508, 8.731838126750604, -0.00023315935109101036, 8.731845965988551, 0.00013293196864213382
map, 86.997997593, 0.050000001, 76.9247817993164, -330.52777099609375, 0.001875228830613196, 0.026061163875892013, 0.0004102570021107467, 5.172253367302648e-05, 0.013030193017533841, 0.9999150179309728, 8.363636570186275, 0.2013843021435944, 8.366060815797452, 0.18604002815074502
map, 87.997997608, 0.050000001, 84.94110870361328, -328.62591552734375, 0.0018607330275699496, 0.43727470583982053, 0.0015807123427314619, 0.00037686141429016384, 0.21689929098907793, 0.9761926330865233, 8.306061330625884, 0.6048150493594344, 8.328063425219032, 0.5910258864994156
map, 88.997997622, 0.05, 90.52979278564453, -322.6862487792969, 0.0018706130795180798, 1.0918588292562534, 0.0015882803645997957, 0.0010113576479259256, 0.5192116499981271, 0.8546436198951075, 8.330393689038248, 0.6351183283510308, 8.354620673222458, 0.6340455920631468
map, 89.997997637, 0.05, 92.21764373779297, -314.5652770996094, 0.0018505859188735485, 1.493429233441168, 0.0004490505989169488, 0.0004286620568422217, 0.6792310719998385, 0.7339242232222281, 8.342592673686665, 0.1738627285685095, 8.344410577437865, 0.17863076445825152
map, 90.997997652, 0.050000001, 92.4079360961914, -306.238037109375, 0.0018426512833684683, 1.565538181538644, 5.0119360189144155e-05, 4.674581644825704e-05, 0.7052453029276537, 0.7089633685892104, 8.33835320676623, 0.016638043888493752, 8.338369884588307, 0.017310810280732152
map, 91.997997667, 0.050000001, 92.41590881347656, -297.9081726074219, 0.0018424605950713158, 1.5709028532384999, 3.7780963638666904e-06, 2.379751873338165e-07, 0.7071444429687923, 0.7070691173881276, 8.338683240024995, 0.0006054164449755521, 8.338683262140696, 0.0006551101252996024
map, 92.997997682, 0.050000001, 92.4140625, -289.5780944824219, 0.001842498779296875, 1.5709774217490224, 1.1632867109998123e-06, -2.2928571506986017e-06, 0.7071708050190629, 0.7070427515518987, 8.338678478803665, -9.888283027336759e-05, 8.338678479399553, -9.025111424180256e-05
map, 93.997997697, 0.050000001, 92.41285705566406, -281.2480163574219, 0.001842498779296875, 1.570974625429877, 1.3515806205838224e-06, -2.1045280858000837e-06, 0.707169816460366, 0.7070437402885031, 8.338676585447251, 1.5231163601551685e-06, 8.338676585453443, 6.5913973518077445e-06
map, 94.997997712, 0.050000001, 92.41156768798828, -272.9179382324219, 0.001842498779296875, 1.57097529122015, 1.351581253830631e-06, -2.104527703439274e-06, 0.7071700518317496, 0.7070435048750717, 8.338681352182709, -1.3177937546303612e-05, 8.338681352197105, -5.086067855141163e-06
map, 95.997997727, 0.050000001, 92.41031646728516, -264.5878601074219, 0.001842498779296875, 1.5709730275332232, 1.3515788718338398e-06, -2.1045292331045573e-06, 0.7071692515687272, 0.7070443052804195, 8.338679439067016, -2.6986317702639477e-05, 8.33867943911477, -2.246329606739914e-05
map, 96.997997742, 0.050000001, 92.4090805053711, -256.2577819824219, 0.0018424605950713158, 1.5709694322657513, 1.351575155999388e-06, -2.1045315952150645e-06, 0.7071679805608885, 0.7070455765105806, 8.33867847808552, -3.9468858417280105e-05, 8.338678478182866, -3.3420377743672925e-05
map, 97.997997757, 0.050000001, 92.40782165527344, -247.92770385742188, 0.0018424605950713158, 1.570967168578825, 1.3515727739981937e-06, -2.1045331251023924e-06, 0.7071671802955215, 0.7070463769135839, 8.338680384310576, -2.7566886102337335e-05, 8.338680384360174, -2.589525921291592e-05
map, 98.997997771, 0.05, 92.4065933227539, -239.59762573242188, 0.001842498779296875, 1.5709657038402256, 1.3515711653617752e-06, -2.1045341825898234e-06, 0.7071666624762721, 0.707046894820927, 8.338679431884103, -8.168746272462192e-06, 8.338679431892519, -8.362412074060566e-06
map, 99.997997786, 0.05, 92.40532684326172, -231.26754760742188, 0.0018424605950713158, 1.570964505417735, 1.3515698145134592e-06, -2.104535082092518e-06, 0.7071662388056947, 0.7070473185630164, 8.338679431604813, 1.438287273880598e-07, 8.33867943160966, -2.1222977990474306e-06
map, 100.997997801, 0.05, 92.40409088134766, -222.93746948242188, 0.0018424605950713158, 1.5709651712080075, 1.3515706048903729e-06, -2.104534542191061e-06, 0.707166474178269, 0.7070470831507757, 8.338678480811817, 1.1659472787936865e-05, 8.338678480823551, 1.0311478657332525e-05
map, 101.997997816, 0.050000001, 92.40283203125, -214.60739135742188, 0.001842498779296875, 1.5709657038402256, 1.3515711653617752e-06, -2.1045341825898234e-06, 0.7071666624762721, 0.707046894820927, 8.338680389558604, 1.5450015825184143e-05, 8.33868038957763, 1.7157424262890423e-05
map, 102.997997831, 0.050000001, 92.40159606933594, -206.27731323242188, 0.0018424224108457565, 1.570967168578825, 1.3515727739981937e-06, -2.1045331251023924e-06, 0.7071671802955215, 0.7070463769135839, 8.338678486072322, 2.5762718203188458e-05, 8.338678486116642, 2.371777676600005e-05
map, 103.997997846, 0.050000001, 92.40032958984375, -197.94723510742188, 0.0018424605950713158, 1.5709687664754788, 1.3515743880704807e-06, -2.104532112245927e-06, 0.7071677451888159, 0.7070458119233226, 8.338677535047651, 2.7639709429177524e-05, 8.338677535100357, 2.6017758283747887e-05
map, 104.997997861, 0.050000001, 92.39904022216797, -189.61715698242188, 0.001842498779296875, 1.5709708970043512, 1.3515767646337866e-06, -2.104530538282745e-06, 0.7071684983791727, 0.7070450586022721, 8.33867753960634, 3.574627972352232e-05, 8.338677539687472, 3.414873824154139e-05
map, 105.997997876, 0.050000001, 92.39772033691406, -181.28707885742188, 0.001842498779296875, 1.5709730275332232, 1.3515788718338398e-06, -2.1045292331045573e-06, 0.7071692515687272, 0.7070443052804195, 8.338678495040261, 2.7613568430626145e-05, 8.338678495090319, 2.8101579432469342e-05
map, 106.997997891, 0.050000001, 92.39641571044922, -172.95700073242188, 0.001842498779296875, 1.5709740927976594, 1.351579992773722e-06, -2.104528512791859e-06, 0.7071696281632033, 0.707043928619192, 8.338679446354421, 5.323421413041606e-06, 8.338679446362015, 1.1918050212407056e-05
map, 107.997997906, 0.050000001, 92.39512634277344, -164.62692260742188, 0.0018424605950713158, 1.5709730275332232, 1.3515788718338398e-06, -2.1045292331045573e-06, 0.7071692515687272, 0.7070443052804195, 8.338678484072567, -3.445488854698102e-05, 8.338678484148232, -2.5608496791919572e-05
map, 108.99799792, 0.05, 92.39388275146484, -156.29693603515625, 0.0018424605950713158, 1.5709694322657513, 1.351575155999388e-06, -2.1045315952150645e-06, 0.7071679805608885, 0.7070455765105806, 8.338679431654423, -4.007624450788594e-05, 8.33867943175493, -3.384623319654759e-05
map, 109.997997935, 0.05, 92.39263153076172, -147.9669647216797, 0.001842498779296875, 1.5709667691046614, 1.3515723536448613e-06, -2.104533395108632e-06, 0.7071670390721275, 0.7070465181610788, 8.33867943090784, -2.2700232336372915e-05, 8.338679430943222, -2.1143601731753567e-05
map, 110.99799795, 0.05, 92.39139556884766, -139.63697814941406, 0.0018423843430355191, 1.5709661033143891, 1.3515715857152643e-06, -2.104533912361539e-06, 0.7071668036997415, 0.7070467535735074, 8.338677524580321, -1.1208468110188384e-05, 8.338677524592928, -9.148442529669807e-06
map, 111.997997965, 0.050000001, 92.39016723632812, -131.30699157714844, 0.0018424605950713158, 1.5709661033143891, 1.3515715857152643e-06, -2.104533912361539e-06, 0.7071668036997415, 0.7070467535735074, 8.338677528156206, 9.861197170833718e-06, 8.338677528168489, 7.954817699293413e-06
map, 112.99799798, 0.050000001, 92.38895416259766, -122.97702026367188, 0.0018425368471071124, 1.5709694322657513, 1.351575155999388e-06, -2.1045315952150645e-06, 0.7071679805608885, 0.7070455765105806, 8.338680395475594, 1.854184853902707e-05, 8.338680395500672, 2.087486368059219e-05
map, 113.997997995, 0.050000001, 92.38666534423828, -114.64725494384766, 0.0017079163808375597, 1.5704847369473574, -2.411670303828975e-06, -3.7893035407132736e-05, 0.7069966079431114, 0.7072169362474547, 8.326786416167673, -9.568732083366982e-05, 8.32678651430486, 0.04935394683151143
map, 114.99799801, 0.050000001, 92.38643646240234, -106.31481170654297, 0.001843261648900807, 1.5712041899158427, 4.665577911920483e-07, -1.2194696344947076e-06, 0.7072509678701977, 0.7069625650944781, 8.330438385889595, -0.002257839604183094, 8.330438691872823, 0.04731028278406586
map, 115.997998025, 0.050000001, 92.38501739501953, -97.98473358154297, 0.0018431091448292136, 1.5711947356939724, 4.890518002626227e-07, -1.618515545920296e-06, 0.7072476259710228, 0.7069659083403484, 8.329970095533223, -0.0023226448430190825, 8.329970419358093, 0.047231494827691546
map, 116.99799804, 0.050000001, 92.3837661743164, -89.65465545654297, 0.001843147212639451, 1.5711924720070463, 4.8905005813336e-07, -1.6185160093273865e-06, 0.7072468257958276, 0.7069667088334979, 8.329995845207778, -0.002315842470492948, 8.329996167132911, 0.04723944269906975
map, 117.997998055, 0.050000001, 92.38274383544922, -82.41597747802734, 0.0026770776603370905, 1.5716442772859778, -0.001195688887764814, 0.0011974088914447067, 0.7074054982671614, 0.7068059122286824, 2.08007794823643, -0.0010861974056390554, 2.080078432968055, 0.0007067185591885014
map, 118.997998069, 0.05, 92.38272857666016, -82.34229278564453, 0.0018946838099509478, 1.5716691778421703, -0.00024412975961788717, 0.00024393064876182535, 0.707415271154151, 0.7067980723207994, 0.0, -0.0, 0.0, -0.0
map, 119.997998084, 0.05, 92.38272857666016, -82.34229278564453, 0.0018946838099509478, 1.5716691778421703, -0.00024412975961788717, 0.00024393064876182535, 0.707415271154151, 0.7067980723207994, 0.0, -0.0, 0.0, -0.0
map, 120.997998099, 0.05, 92.38272857666016, -82.34229278564453, 0.0018946838099509478, 1.5716691778421703, -0.00024412975961788717, 0.00024393064876182535, 0.707415271154151, 0.7067980723207994, 0.0, -0.0, 0.0, -0.0
map, 121.997998114, 0.050000001, 92.38272857666016, -82.34229278564453, 0.0018946838099509478, 1.5716691778421703, -0.00024412975961788717, 0.00024393064876182535, 0.707415271154151, 0.7067980723207994, 0.0, -0.0, 0.0, -0.0
map, 122.997998129, 0.050000001, 92.38272857666016, -82.34229278564453, 0.0018946838099509478, 1.5716691778421703, -0.00024412975961788717, 0.00024393064876182535, 0.707415271154151, 0.7067980723207994, 0.0, -0.0, 0.0, -0.0
map, 123.997998144, 0.050000001, 92.38272857666016, -82.34229278564453, 0.0018946838099509478, 1.5716691778421703, -0.00024412975961788717, 0.00024393064876182535, 0.707415271154151, 0.7067980723207994, 0.0, -0.0, 0.0, -0.0
map, 124.997998159, 0.050000001, 92.38272857666016, -82.34229278564453, 0.0018946838099509478, 1.5716691778421703, -0.00024412975961788717, 0.00024393064876182535, 0.707415271154151, 0.7067980723207994, 0.0, -0.0, 0.0, -0.0
map, 125.997998174, 0.050000001, 92.38272857666016, -82.34229278564453, 0.0018946838099509478, 1.5716691778421703, -0.00024412975961788717, 0.00024393064876182535, 0.707415271154151, 0.7067980723207994, 0.0, -0.0, 0.0, -0.0
map, 126.997998189, 0.050000001, 92.38272857666016, -82.34229278564453, 0.0018946838099509478, 1.5716691778421703, -0.00024412975961788717, 0.00024393064876182535, 0.707415271154151, 0.7067980723207994, 0.0, -0.0, 0.0, -0.0
map, 127.997998204, 0.050000001, 92.38272857666016, -82.34229278564453, 0.0018946838099509478, 1.5716691778421703, -0.00024412975961788717, 0.00024393064876182535, 0.707415271154151, 0.7067980723207994, 0.0, -0.0, 0.0, -0.0
map, 128.997998218, 0.05, 92.38272857666016, -82.34229278564453, 0.0018946838099509478, 1.5716691778421703, -0.00024412975961788717, 0.00024393064876182535, 0.707415271154151, 0.7067980723207994, 0.0, -0.0, 0.0, -0.0
map, 129.997998233, 0.05, 92.38272857666016, -82.34229278564453, 0.0018946838099509478, 1.5716691778421703, -0.00024412975961788717, 0.00024393064876182535, 0.707415271154151, 0.7067980723207994, 0.0, -0.0, 0.0, -0.0
map, 130.997998248, 0.05, 92.38272857666016, -82.34229278564453, 0.0018946838099509478, 1.5716691778421703, -0.00024412975961788717, 0.00024393064876182535, 0.707415271154151, 0.7067980723207994, 0.0, -0.0, 0.0, -0.0
map, 131.997998263, 0.050000001, 92.38272857666016, -82.34229278564453, 0.0018946838099509478, 1.5716691778421703, -0.00024412975961788717, 0.00024393064876182535, 0.707415271154151, 0.7067980723207994, 0.0, -0.0, 0.0, -0.0
map, 132.997998278, 0.050000001, 92.38272857666016, -82.34229278564453, 0.0018946838099509478, 1.5716691778421703, -0.00024412975961788717, 0.00024393064876182535, 0.707415271154151, 0.7067980723207994, 0.0, -0.0, 0.0, -0.0
map, 133.997998293, 0.050000001, 92.38272857666016, -82.34229278564453, 0.0018946838099509478, 1.5716691778421703, -0.00024412975961788717, 0.00024393064876182535, 0.707415271154151, 0.7067980723207994, 0.0, -0.0, 0.0, -0.0
map, 134.997998308, 0.050000001, 92.38272857666016, -82.34229278564453, 0.0018946838099509478, 1.5716691778421703, -0.00024412975961788717, 0.00024393064876182535, 0.707415271154151, 0.7067980723207994, 0.0, -0.0, 0.0, -0.0
map, 135.997998323, 0.050000001, 92.38272857666016, -82.34229278564453, 0.0018946838099509478, 1.5716691778421703, -0.00024412975961788717, 0.00024393064876182535, 0.707415271154151, 0.7067980723207994, 0.0, -0.0, 0.0, -0.0
map, 136.997998338, 0.050000001, 92.38272857666016, -82.34229278564453, 0.0018946838099509478, 1.5716691778421703, -0.00024412975961788717, 0.00024393064876182535, 0.707415271154151, 0.7067980723207994, 0.0, -0.0, 0.0, -0.0
map, 137.997998353, 0.050000001, 92.38272857666016, -82.34229278564453, 0.0018946838099509478, 1.5716691778421703, -0.00024412975961788717, 0.00024393064876182535, 0.707415271154151, 0.7067980723207994, 0.0, -0.0, 0.0, -0.0
map, 138.997998367, 0.05, 92.38272857666016, -82.34229278564453, 0.0018946838099509478, 1.5716691778421703, -0.00024412975961788717, 0.00024393064876182535, 0.707415271154151, 0.7067980723207994, 0.0, -0.0, 0.0, -0.0
map, 139.997998382, 0.05, 92.38272857666016, -82.34229278564453, 0.0018946838099509478, 1.5716691778421703, -0.00024412975961788717, 0.00024393064876182535, 0.707415271154151, 0.7067980723207994, 0.0, -0.0, 0.0, -0.0
map, 140.997998397, 0.05, 92.38272857666016, -82.34229278564453, 0.0018946838099509478, 1.5716691778421703, -0.00024412975961788717, 0.00024393064876182535, 0.707415271154151, 0.7067980723207994, 0.0, -0.0, 0.0, -0.0
map, 141.997998412, 0.050000001, 92.38272857666016, -82.34229278564453, 0.0018946838099509478, 1.5716691778421703, -0.00024412975961788717, 0.00024393064876182535, 0.707415271154151, 0.7067980723207994, 0.0, -0.0, 0.0, -0.0
map, 142.997998427, 0.050000001, 92.38272857666016, -82.34229278564453, 0.0018946838099509478, 1.5716691778421703, -0.00024412975961788717, 0.00024393064876182535, 0.707415271154151, 0.7067980723207994, 0.0, -0.0, 0.0, -0.0
map, 143.997998442, 0.050000001, 92.38272857666016, -82.34229278564453, 0.0018946838099509478, 1.5716691778421703, -0.00024412975961788717, 0.00024393064876182535, 0.707415271154151, 0.7067980723207994, 0.0, -0.0, 0.0, -0.0
map, 144.997998457, 0.050000001, 92.38272857666016, -82.33929443359375, 0.0015047072665765882, 1.5716677131035706, -8.472946691537645e-05, 8.427920525788668e-05, 0.7074147906170534, 0.7067986274280417, 0.10062172097901025, -6.245276327625265e-05, 0.10062378956205953, -0.00011368888239193888
map, 145.997998472, 0.050000001, 92.38152313232422, -79.0892333984375, 0.0015603640349581838, 1.5711755609341242, 0.0004015136505409994, -0.00040399731368634395, 0.7072407325148959, 0.7069725750301437, 6.2037134484177985, -0.0010988635418965023, 6.20371356775922, 0.00030082520867266336
map, 146.997998487, 0.050000001, 92.3804931640625, -70.82964324951172, 0.0018607330275699496, 1.5708313473632312, -1.9017452314738704e-05, 1.562719643521948e-05, 0.7071191625461248, 0.7070943991817454, 8.565388652331361, -0.0009233183693450232, 8.565388702186967, -0.0008340149285138744
map, 147.997998502, 0.050000001, 94.14646911621094, -62.91616439819336, 0.0019289398333057761, 0.9845224517865638, -0.003047659966036666, -0.0014915361056124787, 0.4726174929058606, 0.8812611375115531, 8.135180286469044, -1.3161131302533484, 8.241048474357187, -1.2682990438493742
map, 148.997998517, 0.050000001, 101.6626968383789, -59.75819778442383, 0.0018761825049296021, 0.133112381291267, -0.0012756990972295384, -3.77794117624175e-05, 0.06650706974075271, 0.9977851376118148, 8.366113606551432, -0.3485686984409324, 8.373371984017274, -0.36126645714279143
map, 149.997998531, 0.05, 109.9888916015625, -59.488914489746094, 0.0018432235810905695, 0.003585679831608472, -9.906686036652202e-05, -1.6081248997990016e-06, 0.0017928388048377094, 0.999998387954796, 8.33698386878979, -0.02047976125012375, 8.337009023017036, -0.02172810923617062
map, 150.997998546, 0.05, 118.31845092773438, -59.49264907836914, 0.0018424605950713158, -0.0007727191811412309, 8.873589952701823e-07, -2.503737969394848e-06, -0.0003863595787331978, 0.9999999253596067, 8.338704846608646, 0.0010330947936193996, 8.338704910720729, 0.000987083038002337
map, 151.997998561, 0.050000001, 126.64844512939453, -59.49503707885742, 0.0018424605950713158, -5.00233824683157e-05, 6.633098101082348e-07, -2.443807020080513e-06, -2.5011689610330305e-05, 0.9999999996840018, 8.338680260236154, 0.00034850934801011714, 8.338680267616336, 0.00035615329057919775
map, 152.997998576, 0.050000001, 131.74044799804688, -59.49505615234375, 0.0022969814017415047, -6.648304357133707e-06, -5.2929258428061e-07, 0.0010045764451939165, -3.323615431456916e-06, 0.9999994954072925, -0.00045255174838697537, -3.2272148611040737e-07, 0.0005933606733863008, 9.862490812329443e-07
map, 153.997998591, 0.050000001, 131.74102783203125, -59.49505615234375, 0.0018708801362663507, -6.620161470589262e-06, -5.316176008600978e-07, 0.0003064870562043964, -3.3099173349726202e-06, 0.9999999530272218, 0.0, -0.0, 0.0, -0.0
map, 154.997998606, 0.050000001, 131.74102783203125, -59.49505615234375, 0.0018708801362663507, -6.620161470589262e-06, -5.316176008600978e-07, 0.0003064870562043964, -3.3099173349726202e-06, 0.9999999530272218, 0.0, -0.0, 0.0, -0.0
map, 155.997998621, 0.050000001, 131.74102783203125, -59.49505615234375, 0.0018708801362663507, -6.620161470589262e-06, -5.316176008600978e-07, 0.0003064870562043964, -3.3099173349726202e-06, 0.9999999530272218, 0.0, -0.0, 0.0, -0.0
map, 156.997998636, 0.050000001, 131.74102783203125, -59.49505615234375, 0.0018708801362663507, -6.620161470589262e-06, -5.316176008600978e-07, 0.0003064870562043964, -3.3099173349726202e-06, 0.9999999530272218, 0.0, -0.0, 0.0, -0.0
map, 157.997998651, 0.050000001, 131.74102783203125, -59.49505615234375, 0.0018708801362663507, -6.620161470589262e-06, -5.316176008600978e-07, 0.0003064870562043964, -3.3099173349726202e-06, 0.9999999530272218, 0.0, -0.0, 0.0, -0.0
map, 158.997998666, 0.050000001, 131.74102783203125, -59.49505615234375, 0.0018708801362663507, -6.620161470589262e-06, -5.316176008600978e-07, 0.0003064870562043964, -3.3099173349726202e-06, 0.9999999530272218, 0.0, -0.0, 0.0, -0.0
map, 159.99799868, 0.05, 131.74102783203125, -59.49505615234375, 0.0018708801362663507, -6.620161470589262e-06, -5.316176008600978e-07, 0.0003064870562043964, -3.3099173349726202e-06, 0.9999999530272218, 0.0, -0.0, 0.0, -0.0
map, 160.997998695, 0.05, 131.74102783203125, -59.49505615234375, 0.0018708801362663507, -6.620161470589262e-06, -5.316176008600978e-07, 0.0003064870562043964, -3.3099173349726202e-06, 0.9999999530272218, 0.0, -0.0, 0.0, -0.0
map, 161.99799871, 0.050000001, 131.74102783203125, -59.49505615234375, 0.0018708801362663507, -6.620161470589262e-06, -5.316176008600978e-07, 0.0003064870562043964, -3.3099173349726202e-06, 0.9999999530272218, 0.0, -0.0, 0.0, -0.0
map, 162.997998725, 0.050000001, 131.74102783203125, -59.49505615234375, 0.0018708801362663507, -6.620161470589262e-06, -5.316176008600978e-07, 0.0003064870562043964, -3.3099173349726202e-06, 0.9999999530272218, 0.0, -0.0, 0.0, -0.0
map, 163.99799874, 0.050000001, 131.74102783203125, -59.49505615234375, 0.0018708801362663507, -6.620161470589262e-06, -5.316176008600978e-07, 0.0003064870562043964, -3.3099173349726202e-06, 0.9999999530272218, 0.0, -0.0, 0.0, -0.0
map, 164.997998755, 0.050000001, 131.74102783203125, -59.49505615234375, 0.0018708801362663507, -6.620161470589262e-06, -5.316176008600978e-07, 0.0003064870562043964, -3.3099173349726202e-06, 0.9999999530272218, 0.0, -0.0, 0.0, -0.0
map, 165.99799877, 0.050000001, 131.74102783203125, -59.49505615234375, 0.0018708801362663507, -6.620161470589262e-06, -5.316176008600978e-07, 0.0003064870562043964, -3.3099173349726202e-06, 0.9999999530272218, 0.0, -0.0, 0.0, -0.0
map, 166.997998785, 0.050000001, 131.74102783203125, -59.49505615234375, 0.0018708801362663507, -6.620161470589262e-06, -5.316176008600978e-07, 0.0003064870562043964, -3.3099173349726202e-06, 0.9999999530272218, 0.0, -0.0, 0.0, -0.0
map, 167.9979988, 0.050000001, 131.74102783203125, -59.49505615234375, 0.0018708801362663507, -6.620161470589262e-06, -5.316176008600978e-07, 0.0003064870562043964, -3.3099173349726202e-06, 0.9999999530272218, 0.0, -0.0, 0.0, -0.0
map, 168.997998815, 0.050000001, 131.74102783203125, -59.49505615234375, 0.0018708801362663507, -6.620161470589262e-06, -5.316176008600978e-07, 0.0003064870562043964, -3.3099173349726202e-06, 0.9999999530272218, 0.0, -0.0, 0.0, -0.0
map, 169.997998829, 0.05, 131.74102783203125, -59.49505615234375, 0.0018708801362663507, -6.620161470589262e-06, -5.316176008600978e-07, 0.0003064870562043964, -3.3099173349726202e-06, 0.9999999530272218, 0.0, -0.0, 0.0, -0.0
map, 170.997998844, 0.05, 131.74102783203125, -59.49505615234375, 0.0018708801362663507, -6.620161470589262e-06, -5.316176008600978e-07, 0.0003064870562043964, -3.3099173349726202e-06, 0.9999999530272218, 0.0, -0.0, 0.0, -0.0
map, 171.997998859, 0.050000001, 131.74102783203125, -59.49505615234375, 0.0018708801362663507, -6.620161470589262e-06, -5.316176008600978e-07, 0.0003064870562043964, -3.3099173349726202e-06, 0.9999999530272218, 0.0, -0.0, 0.0, -0.0
map, 172.997998874, 0.050000001, 131.74102783203125, -59.49505615234375, 0.0018708801362663507, -6.620161470589262e-06, -5.316176008600978e-07, 0.0003064870562043964, -3.3099173349726202e-06, 0.9999999530272218, 0.0, -0.0, 0.0, -0.0
map, 173.997998889, 0.050000001, 131.74102783203125, -59.49505615234375, 0.0018708801362663507, -6.620161470589262e-06, -5.316176008600978e-07, 0.0003064870562043964, -3.3099173349726202e-06, 0.9999999530272218, 0.0, -0.0, 0.0, -0.0
map, 174.997998904, 0.050000001, 131.74102783203125, -59.49505615234375, 0.0018708801362663507, -6.620161470589262e-06, -5.316176008600978e-07, 0.0003064870562043964, -3.3099173349726202e-06, 0.9999999530272218, 0.0, -0.0, 0.0, -0.0
map, 175.997998919, 0.050000001, 133.8512725830078, -59.494808197021484, 0.0014262392651289701, 0.0001480717566084048, -4.7525573884776625e-07, -0.000774979511855789, 7.403544322482025e-05, 0.999999696962596, 5.4193165784604265, -4.5513393580047266e-05, 5.419327374237605, -2.169572733317565e-05
map, 176.997998934, 0.050000001, 141.53514099121094, -59.4936408996582, 0.0018136216094717383, 0.0002647182123537868, 3.9429048177717165e-06, -4.595465647061481e-05, 0.00013235928656700588, 0.9999999901768212, 8.672982160730859, 0.002383575005937912, 8.672982524602235, 0.0021655325355667944
map, 177.997998949, 0.050000001, 149.86557006835938, -58.57986831665039, 0.0018652725266292691, 0.2734078573194528, 0.0014460449481786234, 0.00023092896791276907, 0.13627834787783966, 0.9906695046914011, 8.305170562621505, 0.5394898634147909, 8.32267872045743, 0.530495031241059
map, 178.997998964, 0.050000001, 156.08494567871094, -53.43640899658203, 0.0018914794782176614, 1.0299453273389554, 0.002126079594627542, 0.001284590906997063, 0.492509385599258, 0.8703035876683496, 8.292759099924861, 0.876219149688904, 8.339008400775688, 0.8678339846748973
map, 179.997998978, 0.05, 157.84840393066406, -45.33549118041992, 0.0018531036330386996, 1.4954143537177134, 0.00047219422098477605, 0.00045608508359851196, 0.6799591836724562, 0.7332496693204169, 8.342892811898098, 0.18262862457829282, 8.344898655881174, 0.18713418788460406
map, 180.997998993, 0.05, 158.0301971435547, -37.0082893371582, 0.0018425750313326716, 1.5653698697577512, 4.5220677612021775e-05, 4.1781448288480405e-05, 0.7051856372981261, 0.7090227169547083, 8.338241444430803, 0.01437636200055884, 8.338253901033633, 0.015022167662215617
map, 181.997999008, 0.050000001, 158.0460205078125, -28.67884635925293, 0.0018458175472915173, 1.569667679124921, -9.359257082358737e-07, 2.8562075723437275e-06, 0.7067076313983549, 0.7075057057821469, 8.316425722811918, 0.00011447120980065547, 8.316425723625693, 0.0001828266590197527
map, 182.997999023, 0.050000001, 158.05038452148438, -24.765344619750977, 0.001952438266016543, 1.569674470185701, -0.0003092241213338052, 0.0003088175261483084, 0.7067099664353538, 0.7075032384046871, -0.00021280229513798482, -2.3513825274389367e-07, 0.0002628531079781185, -1.4101808031828488e-07
map, 183.997999038, 0.050000001, 158.05038452148438, -24.765262603759766, 0.0018822478596121073, 1.5696744701857006, -0.00022885305289216203, 0.0002283562629104008, 0.706709996946227, 0.7075032690355298, 0.0, -0.0, 0.0, -0.0
map, 184.997999053, 0.050000001, 158.05038452148438, -24.765262603759766, 0.0018822478596121073, 1.5696744701857006, -0.00022885305289216203, 0.0002283562629104008, 0.706709996946227, 0.7075032690355298, 0.0, -0.0, 0.0, -0.0
map, 185.997999068, 0.050000001, 158.05038452148438, -24.765262603759766, 0.0018822478596121073, 1.5696744701857006, -0.00022885305289216203, 0.0002283562629104008, 0.706709996946227, 0.7075032690355298, 0.0, -0.0, 0.0, -0.0
map, 186.997999083, 0.050000001, 158.05038452148438, -24.765262603759766, 0.0018822478596121073, 1.5696744701857006, -0.00022885305289216203, 0.0002283562629104008, 0.706709996946227, 0.7075032690355298, 0.0, -0.0, 0.0, -0.0
map, 187.997999098, 0.050000001, 158.05038452148438, -24.765262603759766, 0.0018822478596121073, 1.5696744701857006, -0.00022885305289216203, 0.0002283562629104008, 0.706709996946227, 0.7075032690355298, 0.0, -0.0, 0.0, -0.0
map, 188.997999113, 0.050000001, 158.05038452148438, -24.765262603759766, 0.0018822478596121073, 1.5696744701857006, -0.00022885305289216203, 0.0002283562629104008, 0.706709996946227, 0.7075032690355298, 0.0, -0.0, 0.0, -0.0
map, 189.997999127, 0.05, 158.05038452148438, -24.765262603759766, 0.0018822478596121073, 1.5696744701857006, -0.00022885305289216203, 0.0002283562629104008, 0.706709996946227, 0.7075032690355298, 0.0, -0.0, 0.0, -0.0
map, 190.997999142, 0.05, 158.05038452148438, -24.765262603759766, 0.0018822478596121073, 1.5696744701857006, -0.00022885305289216203, 0.0002283562629104008, 0.706709996946227, 0.7075032690355298, 0.0, -0.0, 0.0, -0.0
map, 191.997999157, 0.05, 158.05038452148438, -24.765262603759766, 0.0018822478596121073, 1.5696744701857006, -0.00022885305289216203, 0.0002283562629104008, 0.706709996946227, 0.7075032690355298, 0.0, -0.0, 0.0, -0.0
map, 192.997999172, 0.050000001, 158.05038452148438, -24.765262603759766, 0.0018822478596121073, 1.5696744701857006, -0.00022885305289216203, 0.0002283562629104008, 0.706709996946227, 0.7075032690355298, 0.0, -0.0, 0.0, -0.0
map, 193.997999187, 0.050000001, 158.05038452148438, -24.765262603759766, 0.0018822478596121073, 1.5696744701857006, -0.00022885305289216203, 0.0002283562629104008, 0.706709996946227, 0.7075032690355298, 0.0, -0.0, 0.0, -0.0
map, 194.997999202, 0.050000001, 158.05038452148438, -24.765262603759766, 0.0018822478596121073, 1.5696744701857006, -0.00022885305289216203, 0.0002283562629104008, 0.706709996946227, 0.7075032690355298, 0.0, -0.0, 0.0, -0.0
map, 195.997999217, 0.050000001, 158.05038452148438, -24.765262603759766, 0.0018822478596121073, 1.5696744701857006, -0.00022885305289216203, 0.0002283562629104008, 0.706709996946227, 0.7075032690355298, 0.0, -0.0, 0.0, -0.0
map, 196.997999232, 0.050000001, 158.05038452148438, -24.765262603759766, 0.0018822478596121073, 1.5696744701857006, -0.00022885305289216203, 0.0002283562629104008, 0.706709996946227, 0.7075032690355298, 0.0, -0.0, 0.0, -0.0
map, 197.997999247, 0.050000001, 158.05038452148438, -24.765262603759766, 0.0018822478596121073, 1.5696744701857006, -0.00022885305289216203, 0.0002283562629104008, 0.706709996946227, 0.7075032690355298, 0.0, -0.0, 0.0, -0.0
map, 198.997999262, 0.050000001, 158.05038452148438, -24.765262603759766, 0.0018822478596121073, 1.5696744701857006, -0.00022885305289216203, 0.0002283562629104008, 0.706709996946227, 0.7075032690355298, 0.0, -0.0, 0.0, -0.0
map, 199.997999276, 0.05, 158.05038452148438, -24.765262603759766, 0.0018822478596121073, 1.5696744701857006, -0.00022885305289216203, 0.0002283562629104008, 0.706709996946227, 0.7075032690355298, 0.0, -0.0, 0.0, -0.0
map, 200.997999291, 0.05, 158.05038452148438, -24.765262603759766, 0.0018822478596121073, 1.5696744701857006, -0.00022885305289216203, 0.0002283562629104008, 0.706709996946227, 0.7075032690355298, 0.0, -0.0, 0.0, -0.0
map, 201.997999306, 0.05, 158.05038452148438, -24.765262603759766, 0.0018822478596121073, 1.5696744701857006, -0.00022885305289216203, 0.0002283562629104008, 0.706709996946227, 0.7075032690355298, 0.0, -0.0, 0.0, -0.0
map, 202.997999321, 0.050000001, 158.05038452148438, -24.765262603759766, 0.0018822478596121073, 1.5696744701857006, -0.00022885305289216203, 0.0002283562629104008, 0.706709996946227, 0.7075032690355298, 0.0, -0.0, 0.0, -0.0
map, 203.997999336, 0.050000001, 158.05038452148438, -24.765262603759766, 0.0018822478596121073, 1.5696744701857006, -0.00022885305289216203, 0.0002283562629104008, 0.706709996946227, 0.7075032690355298, 0.0, -0.0, 0.0, -0.0
map, 204.997999351, 0.050000001, 158.05038452148438, -24.765262603759766, 0.0018822478596121073, 1.5696744701857006, -0.00022885305289216203, 0.0002283562629104008, 0.706709996946227, 0.7075032690355298, 0.0, -0.0, 0.0, -0.0
map, 205.997999366, 0.050000001, 158.05203247070312, -23.61088752746582, 0.0011527636088430882, 1.5700718138203407, 0.0005476905625089392, -0.0005484642571936815, 0.706850368300565, 0.7073626764647409, 4.034179047682599, -0.0009462650049184343, 4.03417915894029, -0.0005985923333924266
map, 206.997999381, 0.050000001, 158.05967712402344, -16.711759567260742, 0.00167823804076761, 1.5695960400915978, 0.00017518798250037757, -0.0001769057924605466, 0.7066822663483177, 0.7075309975134071, 8.765805901156543, -5.361949657274213e-05, 8.765805901331033, -6.791251771784628e-05
map, 207.997999396, 0.050000001, 157.7987060546875, -8.221328735351562, 0.0018727874848991632, 1.6845505895965411, 0.0007130700768853163, 0.0008627398151889176, 0.7461593669573082, 0.6657664352555975, 8.293131898170992, 0.49535064991276384, 8.30793234360804, 0.46755634546213465
map, 208.997999411, 0.050000001, 153.98695373535156, -1.0772998332977295, 0.0018922423478215933, 2.3822364772277935, 0.0008503024977446322, 0.0023256296378002528, 0.9287810774697804, 0.3706205317660152, 8.267914680938436, 0.8950620899465672, 8.316256728860546, 0.8814304873041878
map, 209.997999425, 0.05, 146.24122619628906, 1.6825034618377686, 0.0018611144041642547, 3.00440017635047, 4.562889457564551e-05, 0.0010337176199032294, 0.997647664564758, 0.06854244476505293, 8.352095284163495, 0.2950573561840414, 8.357305561627134, 0.3029522507282488
map, 210.99799944, 0.05, 137.9189910888672, 2.030529260635376, 0.0018431091448292136, 3.13152696993373, 2.0009641150396555e-06, 0.00012518467912081555, 0.999987327441659, 0.005032820370428836, 8.337886405174006, 0.030634254776254397, 8.337942681770427, 0.03184361272997
map, 211.997999455, 0.05, 129.58924865722656, 2.0483059883117676, 0.001842498779296875, 3.141412091267886, 2.503903048016319e-06, 5.627915449890608e-06, 0.9999999959056857, 9.028114673979921e-05, 8.338679249733621, 0.0011062375066327576, 8.338679323225595, 0.0011951646695010012
map, 212.99799947, 0.050000001, 121.25926208496094, 2.0483803749084473, 0.0018424224108457565, 3.1415660219788926, 2.4437797897407757e-06, -7.9898086791097e-07, 0.9999999999080393, 1.3315807402365335e-05, 8.338680273063133, -0.00010770339176453701, 8.338680273854957, -0.00010821821896129271
map, 213.997999485, 0.050000001, 114.50338745117188, 2.04876708984375, 0.002962569473311305, 3.1415247429819964, -0.0021288973950225856, -4.603436218886259e-07, 0.9999977333188259, 3.395409302637817e-05, 0.21653673616568167, 3.5056514354035628e-06, 0.2165398791061609, -6.325980835827036e-06
map, 214.9979995, 0.050000001, 114.50069427490234, 2.0487680435180664, 0.0018708801362663507, 3.141527139826977, -0.0003064870717262417, -5.225926013041615e-07, 0.9999999524961988, 3.275671661885587e-05, 0.0, -0.0, 0.0, -0.0
map, 215.997999515, 0.050000001, 114.50069427490234, 2.0487680435180664, 0.0018708801362663507, 3.141527139826977, -0.0003064870717262417, -5.225926013041615e-07, 0.9999999524961988, 3.275671661885587e-05, 0.0, -0.0, 0.0, -0.0
map, 216.99799953, 0.050000001, 114.50069427490234, 2.0487680435180664, 0.0018708801362663507, 3.141527139826977, -0.0003064870717262417, -5.225926013041615e-07, 0.9999999524961988, 3.275671661885587e-05, 0.0, -0.0, 0.0, -0.0
map, 217.997999545, 0.050000001, 114.50069427490234, 2.0487680435180664, 0.0018708801362663507, 3.141527139826977, -0.0003064870717262417, -5.225926013041615e-07, 0.9999999524961988, 3.275671661885587e-05, 0.0, -0.0, 0.0, -0.0
map, 218.99799956, 0.050000001, 114.50069427490234, 2.0487680435180664, 0.0018708801362663507, 3.141527139826977, -0.0003064870717262417, -5.225926013041615e-07, 0.9999999524961988, 3.275671661885587e-05, 0.0, -0.0, 0.0, -0.0
map, 219.997999574, 0.05, 114.50069427490234, 2.0487680435180664, 0.0018708801362663507, 3.141527139826977, -0.0003064870717262417, -5.225926013041615e-07, 0.9999999524961988, 3.275671661885587e-05, 0.0, -0.0, 0.0, -0.0
map, 220.997999589, 0.05, 113.725830078125, 2.048959493637085, 0.0011764910304918885, -3.141487458726735, -0.0007311701099245298, 2.2785832076710477e-07, -0.9999997313118393, 5.2597222722994613e-05, 3.295256526186151, -0.0004136502815792418, 3.2952599542873404, 0.002465398492600237
map, 221.997999604, 0.05, 107.37278747558594, 2.0493545532226562, 0.0016374971019104123, 3.14151568823429, 0.0003122686807432789, -5.446490322080777e-07, 0.9999999505035214, 3.8482842190170035e-05, 8.387281700010185, -2.816055176853324e-06, 8.387283350286497, -4.760732652830472e-06
map, 222.997999619, 0.050000001, 103.75428771972656, 2.0496373176574707, 0.0018962096655741334, 3.141511160860437, -0.0003475546951471977, -5.184705011984647e-07, 0.9999999387726052, 4.074617708713508e-05, -0.00017048501594186188, -3.728874540745193e-08, 0.00021110969589114073, -9.448333243543996e-08
map, 223.997999634, 0.050000001, 103.75428771972656, 2.0496373176574707, 0.0018962096655741334, 3.141511160860437, -0.0003475546951471977, -5.184705011984647e-07, 0.9999999387726052, 4.074617708713508e-05, 0.0, -0.0, 0.0, -0.0
map, 224.997999649, 0.050000001, 103.75428771972656, 2.0496373176574707, 0.0018962096655741334, 3.141511160860437, -0.0003475546951471977, -5.184705011984647e-07, 0.9999999387726052, 4.074617708713508e-05, 0.0, -0.0, 0.0, -0.0
map, 225.997999664, 0.050000001, 103.75428771972656, 2.0496373176574707, 0.0018962096655741334, 3.141511160860437, -0.0003475546951471977, -5.184705011984647e-07, 0.9999999387726052, 4.074617708713508e-05, 0.0, -0.0, 0.0, -0.0
map, 226.997999679, 0.050000001, 103.75428771972656, 2.0496373176574707, 0.0018962096655741334, 3.141511160860437, -0.0003475546951471977, -5.184705011984647e-07, 0.9999999387726052, 4.074617708713508e-05, 0.0, -0.0, 0.0, -0.0
map, 227.997999694, 0.050000001, 103.75428771972656, 2.0496373176574707, 0.0018962096655741334, 3.141511160860437, -0.0003475546951471977, -5.184705011984647e-07, 0.9999999387726052, 4.074617708713508e-05, 0.0, -0.0, 0.0, -0.0
map, 228.997999709, 0.050000001, 103.75428771972656, 2.0496373176574707, 0.0018962096655741334, 3.141511160860437, -0.0003475546951471977, -5.184705011984647e-07, 0.9999999387726052, 4.074617708713508e-05, 0.0, -0.0, 0.0, -0.0
map, 229.997999724, 0.050000001, 103.75428771972656, 2.0496373176574707, 0.0018962096655741334, 3.141511160860437, -0.0003475546951471977, -5.184705011984647e-07, 0.9999999387726052, 4.074617708713508e-05, 0.0, -0.0, 0.0, -0.0
map, 230.997999738, 0.05, 103.75428771972656, 2.0496373176574707, 0.0018962096655741334, 3.141511160860437, -0.0003475546951471977, -5.184705011984647e-07, 0.9999999387726052, 4.074617708713508e-05, 0.0, -0.0, 0.0, -0.0
map, 231.997999753, 0.05, 103.75428771972656, 2.0496373176574707, 0.0018962096655741334, 3.141511160860437, -0.0003475546951471977, -5.184705011984647e-07, 0.9999999387726052, 4.074617708713508e-05, 0.0, -0.0, 0.0, -0.0
map, 232.997999768, 0.050000001, 103.75428771972656, 2.0496373176574707, 0.0018962096655741334, 3.141511160860437, -0.0003475546951471977, -5.184705011984647e-07, 0.9999999387726052, 4.074617708713508e-05, 0.0, -0.0, 0.0, -0.0
map, 233.997999783, 0.050000001, 103.75428771972656, 2.0496373176574707, 0.0018962096655741334, 3.141511160860437, -0.0003475546951471977, -5.184705011984647e-07, 0.9999999387726052, 4.074617708713508e-05, 0.0, -0.0, 0.0, -0.0
map, 234.997999798, 0.050000001, 103.75428771972656, 2.0496373176574707, 0.0018962096655741334, 3.141511160860437, -0.0003475546951471977, -5.184705011984647e-07, 0.9999999387726052, 4.074617708713508e-05, 0.0, -0.0, 0.0, -0.0
map, 235.997999813, 0.050000001, 103.75428771972656, 2.0496373176574707, 0.0018962096655741334, 3.141511160860437, -0.0003475546951471977, -5.184705011984647e-07, 0.9999999387726052, 4.074617708713508e-05, 0.0, -0.0, 0.0, -0.0
map, 236.997999828, 0.050000001, 103.75428771972656, 2.0496373176574707, 0.0018962096655741334, 3.141511160860437, -0.0003475546951471977, -5.184705011984647e-07, 0.9999999387726052, 4.074617708713508e-05, 0.0, -0.0, 0.0, -0.0
map, 237.997999843, 0.050000001, 103.75428771972656, 2.0496373176574707, 0.0018962096655741334, 3.141511160860437, -0.0003475546951471977, -5.184705011984647e-07, 0.9999999387726052, 4.074617708713508e-05, 0.0, -0.0, 0.0, -0.0
map, 238.99799985800001, 0.050000001, 103.75428771972656, 2.0496373176574707, 0.0018962096655741334, 3.141511160860437, -0.0003475546951471977, -5.184705011984647e-07, 0.9999999387726052, 4.074617708713508e-05, 0.0, -0.0, 0.0, -0.0
map, 239.997999873, 0.050000001, 103.75428771972656, 2.0496373176574707, 0.0018962096655741334, 3.141511160860437, -0.0003475546951471977, -5.184705011984647e-07, 0.9999999387726052, 4.074617708713508e-05, 0.0, -0.0, 0.0, -0.0
map, 240.997999887, 0.05, 103.75428771972656, 2.0496373176574707, 0.0018962096655741334, 3.141511160860437, -0.0003475546951471977, -5.184705011984647e-07, 0.9999999387726052, 4.074617708713508e-05, 0.0, -0.0, 0.0, -0.0
map, 241.997999902, 0.05, 103.75428771972656, 2.0496373176574707, 0.0018962096655741334, 3.141511160860437, -0.0003475546951471977, -5.184705011984647e-07, 0.9999999387726052, 4.074617708713508e-05, 0.0, -0.0, 0.0, -0.0
map, 242.997999917, 0.050000001, 103.75428771972656, 2.0496373176574707, 0.0018962096655741334, 3.141511160860437, -0.0003475546951471977, -5.184705011984647e-07, 0.9999999387726052, 4.074617708713508e-05, 0.0, -0.0, 0.0, -0.0
